id,url,name,type,language,tag
ircc_2,/api/v2013/documents/4EBE18FE-5420-8EA9-193A-18957A1709FA/attachments/Acceso%20a%20%20Caoba%20y%20Cedro-%20Papeleria%20completa.pdf,Acceso a  Caoba y Cedro- Papeleria completa.pdf,NA,NA,NA
ircc_416,/api/v2013/documents/30AAD9B9-52EC-5B4B-99AA-7951D947D54E/attachments/PERMIS%20APA.pdf,PERMIS APA.pdf,NA,NA,NA
ircc_417,/api/v2013/documents/3EABBE3F-47B1-A360-8165-05E3E6BB3D11/attachments/PERMIS%20APA.pdf,PERMIS APA.pdf,NA,NA,NA
ircc_426,/api/v2013/documents/847D6BF8-48E8-9D8F-96B8-52F1717D71FF/attachments/PERMIS.pdf,PERMIS.pdf,NA,NA,NA
ircc_427,/api/v2013/documents/7B2DDF1F-FEC4-868A-0EC2-04952BF4DD61/attachments/PERMIS_APA.pdf,PERMIS_APA.pdf,NA,NA,NA
ircc_428,/api/v2013/documents/A116AF0E-C309-AC81-4A59-C7EE328BEE2E/attachments/PERMIS%20APA.pdf,PERMIS APA.pdf,NA,NA,NA
ircc_429,/api/v2013/documents/FD67BA92-F4F0-A70A-5868-F52BF2891367/attachments/PERMIS.pdf,PERMIS.pdf,NA,NA,NA
ircc_430,/api/v2013/documents/AD83FFE1-B3A8-61FA-F1FC-65029C97F2B5/attachments/PERMIS%20APA.pdf,PERMIS APA.pdf,NA,NA,NA
ircc_431,/api/v2013/documents/9DD93447-C042-FFD7-6DAD-650D769F4E3F/attachments/PERMIS.pdf,PERMIS.pdf,NA,NA,NA
ircc_432,/api/v2013/documents/5DCB4844-694D-6216-3727-AB11B254C4D6/attachments/PERMIS%20APA.pdf,PERMIS APA.pdf,NA,NA,NA
ircc_433,/api/v2013/documents/AC21D396-870C-7C48-C98E-A6E8A13B071A/attachments/PERMIS.pdf,PERMIS.pdf,NA,NA,NA
ircc_554,/api/v2013/documents/A47BB032-AA2B-485C-45FB-DC6B529FB4BD/attachments/PERMIS%20APA.pdf,PERMIS APA.pdf,NA,NA,NA
ircc_555,/api/v2013/documents/52AE7157-4B0B-30B4-D0EB-F29018BAB1F3/attachments/PERMIS.pdf,PERMIS.pdf,NA,NA,NA
ircc_556,/api/v2013/documents/4CDB4256-E052-AD7C-17E7-9265107D51F6/attachments/PERMIS%20APA.pdf,PERMIS APA.pdf,NA,NA,NA
ircc_557,/api/v2013/documents/0339E18E-9D5B-FCA1-8BFE-B1E6C96B397E/attachments/Permis%20APA.pdf,Permis APA.pdf,NA,NA,NA
ircc_558,/api/v2013/documents/3A7AC592-2DED-4820-B247-452FFBD0BEB0/attachments/PERMIS%20APA.pdf,PERMIS APA.pdf,NA,NA,NA
ircc_559,/api/v2013/documents/5D2BC19A-EB4F-554B-4C31-D5A4C53CBAA0/attachments/PERMIS_APA.pdf,PERMIS_APA.pdf,NA,NA,NA
ircc_560,/api/v2013/documents/3CD7F66D-3751-B2C5-4CE5-8D51CE9C9631/attachments/PERMIS%20APA.pdf,PERMIS APA.pdf,NA,NA,NA
ircc_561,/api/v2013/documents/4A39D159-70D6-A70A-D43B-9E886904AB1E/attachments/PERMIS%20APA.pdf,PERMIS APA.pdf,NA,NA,NA
ircc_562,/api/v2013/documents/85964399-436E-518C-C208-6BA3E441344D/attachments/PERMIS_APA.pdf,PERMIS_APA.pdf,NA,NA,NA
ircc_563,/api/v2013/documents/B01BDDD8-5F0E-9972-301A-9229F78BF8C7/attachments/PERMIS.pdf,PERMIS.pdf,NA,NA,NA
ircc_692,/api/v2013/documents/9B6430A1-9CC7-723A-3DA8-068E65A23EB9/attachments/%D0%91%D0%B5%D0%BB%D0%B0%D1%80%D1%83%D1%81%D1%8C-%D0%9C%D0%B8%D0%BD%D0%BF%D1%80%D0%B8%D1%80%D0%BE%D0%B4%D1%8B-%D0%9F%D0%BE%D0%B4%D1%82%D0%B2%D0%B5%D1%80%D0%B6%D0%B4%D0%B5%D0%BD%D0%B8%D0%B5%20%D1%81%D0%BE%D0%B1%D0%BB%D1%8E%D0%B4%D0%B5%D0%BD%D0%B8%D1%8F%20%D0%9D%D0%B0%D0%B3%D0%BE%D0%B9%D1%81%D0%BA%D0%BE%D0%B3%D0%BE%20%D0%BF%D1%80%D0%BE%D1%82%D0%BE%D0%BA%D0%BE%D0%BB%D0%B0-2018-8%20%D1%8F%D0%BD%D0%B2%D0%B0%D1%80%D1%8F.pdf,Беларусь-Минприроды-Подтверждение соблюдения Нагойского протокола-2018-8 января.pdf,NA,NA,NA
ircc_692,/api/v2013/documents/9B6430A1-9CC7-723A-3DA8-068E65A23EB9/attachments/Belarus-Confirmation%20of%20the%20compliance-2018-January%201.docx,Belarus-Confirmation of the compliance-2018-January 1.docx,NA,NA,NA
ircc_696,/api/v2013/documents/330F2482-497F-D674-8D61-97CA03DCCC7D/attachments/NOT%200336%20R.DN..pdf,NOT 0336 R.DN..pdf,NA,NA,NA
ircc_696,/api/v2013/documents/330F2482-497F-D674-8D61-97CA03DCCC7D/attachments/Nomina%20de%20Especies%20de%20Aves.docx,Nomina de Especies de Aves.docx,NA,NA,NA
ircc_697,/api/v2013/documents/A224B5A1-D739-7320-4FC9-D43E7647E18C/attachments/DOC100419-10042019112552.pdf,DOC100419-10042019112552.pdf,NA,NA,NA
ircc_698,/api/v2013/documents/DF0F639C-11D3-86D8-EC6C-4B89D867E33F/attachments/permiso%20cient%C3%ADfico%20Judy%20Stone.pdf,permiso científico Judy Stone.pdf,NA,NA,NA
ircc_699,/api/v2013/documents/AEC937CD-ABA1-178C-AF57-2E1BC7E25405/attachments/Permiso%20cient%C3%ADfico%20Juan%20Carlos%20Villlarreal.pdf,Permiso científico Juan Carlos Villlarreal.pdf,NA,NA,NA
ircc_700,/api/v2013/documents/7B7C7AD9-55F8-2A22-E062-734120226B13/attachments/permiso%20cient%C3%ADfico%20Luis%20Fernando%20De%20Leon%20Reyna.pdf,permiso científico Luis Fernando De Leon Reyna.pdf,NA,NA,NA
ircc_701,/api/v2013/documents/4A344CE8-A271-8194-6DF3-BA0ED7340836/attachments/Permiso%20Alan%20Hesketh%20Acceso%20a%20Recursos%20Gen%C3%A9ticos%20Sin%20Fines%20Comerciales.pdf,Permiso Alan Hesketh Acceso a Recursos Genéticos Sin Fines Comerciales.pdf,NA,NA,NA
ircc_702,/api/v2013/documents/FC739018-DF90-A7E5-C7F6-9C3800848AA0/attachments/Permiso%20cientifico%20Alan%20Hesketh.pdf,Permiso cientifico Alan Hesketh.pdf,NA,NA,NA
ircc_703,/api/v2013/documents/1A431B95-9DC2-EB01-7AD7-97A3B8348AD0/attachments/permiso%20cientificio%20Margaret%20Crofoot%20SE_A_37_17.pdf,permiso cientificio Margaret Crofoot SE_A_37_17.pdf,NA,NA,NA
ircc_704,/api/v2013/documents/721CA71E-2053-BD12-B573-41C4C3D8DE38/attachments/permiso%20cient%C3%ADfico%20Margret%20Crofoot.pdf,permiso científico Margret Crofoot.pdf,NA,NA,NA
ircc_707,/api/v2013/documents/BB4E9890-636D-2C18-1C47-AA0C0DB624D1/attachments/SEX%20A%2022%202020.pdf,SEX A 22 2020.pdf,NA,NA,NA
ircc_708,/api/v2013/documents/71189AE7-2714-5159-91B2-7BE80E790618/attachments/Permiso%20SC_A_15_17%20Sergio%20Bermudez.pdf,Permiso SC_A_15_17 Sergio Bermudez.pdf,NA,NA,NA
ircc_709,/api/v2013/documents/1666FCE5-3585-AE8C-DDD4-00DA48F4FC53/attachments/Permiso%20Marina%20De%20Leon%20SE_A_75_19.pdf,Permiso Marina De Leon SE_A_75_19.pdf,NA,NA,NA
ircc_710,/api/v2013/documents/21F834AD-CE91-9A48-C216-258DB3C7BCF6/attachments/SEX-P-1-2020_Brian%20Sedio.pdf,SEX-P-1-2020_Brian Sedio.pdf,NA,NA,NA
ircc_712,/api/v2013/documents/81E87007-B403-FF41-AAA4-0180A6923A80/attachments/SC-P-2-2020_Mahibir%20Gupta.pdf,SC-P-2-2020_Mahibir Gupta.pdf,NA,NA,NA
ircc_713,/api/v2013/documents/8A8E014D-FC85-6C2E-3192-F6704C7846C0/attachments/Permiso%20Brian%20Sedio%20SE_P_3_19.pdf,Permiso Brian Sedio SE_P_3_19.pdf,NA,NA,NA
ircc_714,/api/v2013/documents/74B9E900-6ABA-7D30-3FF3-2C44501F7E62/attachments/SE-A-31-2020_Wouter%20Halfwerk.pdf,SE-A-31-2020_Wouter Halfwerk.pdf,NA,NA,NA
ircc_715,/api/v2013/documents/024E213D-991C-E8F5-2CF5-170F60BFBFD1/attachments/SEX-H-4-2020_marina%20Deleon.pdf,SEX-H-4-2020_marina Deleon.pdf,NA,NA,NA
ircc_716,/api/v2013/documents/EB4A2517-0BE0-94DA-06F8-8DAB678CCC95/attachments/SE-AH-3-2020_Danny%20Haelewaters.pdf,SE-AH-3-2020_Danny Haelewaters.pdf,NA,NA,NA
ircc_717,/api/v2013/documents/5EFFE5A4-6185-56E4-DAE3-B1915E8805AC/attachments/Permiso_invest_colecta%20Oscar%20Puebla%20SC_A_53_16.pdf,Permiso_invest_colecta Oscar Puebla SC_A_53_16.pdf,NA,NA,NA
ircc_718,/api/v2013/documents/D586861D-E9C8-CF78-C1C8-1607C0AFE19A/attachments/DOC280219-28022019040123.pdf,DOC280219-28022019040123.pdf,NA,NA,NA
ircc_719,/api/v2013/documents/7509F872-FDC9-A04F-3686-C2EC885E9181/attachments/DOC280219-28022019035434.pdf,DOC280219-28022019035434.pdf,NA,NA,NA
ircc_720,/api/v2013/documents/5E271E5A-D73A-FE81-AD92-A1588ED1BA71/attachments/DOC280219-28022019035319.pdf,DOC280219-28022019035319.pdf,NA,NA,NA
ircc_721,/api/v2013/documents/EEF4B4D7-941F-0771-EFFD-D97CCEACFAD6/attachments/DOC20031absf-20032019050951.pdf,DOC20031absf-20032019050951.pdf,NA,NA,NA
ircc_722,/api/v2013/documents/314ABB52-865E-FE40-B272-017D76F2524B/attachments/DOC280219-28022019040001.pdf,DOC280219-28022019040001.pdf,NA,NA,NA
ircc_723,/api/v2013/documents/74BD07F8-DB7C-6E2C-680D-31E632A4B544/attachments/DOC280219-28022019035508.pdf,DOC280219-28022019035508.pdf,NA,NA,NA
ircc_724,/api/v2013/documents/5F9CC511-1B20-8913-B167-09C7180B28D4/attachments/DOC280219-28022019035645.pdf,DOC280219-28022019035645.pdf,NA,NA,NA
ircc_725,/api/v2013/documents/6A194D28-70D0-F1CD-34CF-6E844ED86B8E/attachments/nema612015-21022019010454.pdf,nema612015-21022019010454.pdf,NA,NA,NA
ircc_726,/api/v2013/documents/D2EA72D6-4C30-A5F9-CEA2-9C0DACD46204/attachments/DOC200219-20022019032121.pdf,DOC200219-20022019032121.pdf,NA,NA,NA
ircc_727,/api/v2013/documents/D3EE1D27-E652-A0B1-B5E2-3F12A61E7E1D/attachments/DOC200219-20022019032152.pdf,DOC200219-20022019032152.pdf,NA,NA,NA
ircc_728,/api/v2013/documents/D101C2A6-318A-27E0-4BE2-7E8A40EDE3A6/attachments/AGR%20071%202019.pdf,AGR 071 2019.pdf,NA,NA,NA
ircc_729,/api/v2013/documents/8383DE8B-F485-E1CE-8A25-E3CA0F8F5CF2/attachments/AGR%20104%202018.pdf,AGR 104 2018.pdf,NA,NA,NA
ircc_730,/api/v2013/documents/422CE9D6-970A-D2F8-FE10-82D982A2885E/attachments/AGR%20122%202019.pdf,AGR 122 2019.pdf,NA,NA,NA
ircc_731,/api/v2013/documents/32958A1F-8AD0-916E-B3AC-2120961A6A6D/attachments/AGR%20100%202018.pdf,AGR 100 2018.pdf,NA,NA,NA
ircc_732,/api/v2013/documents/691ECD01-650F-DAA7-FF79-6C088D4A99C7/attachments/AGR%2070%202019.pdf,AGR 70 2019.pdf,NA,NA,NA
ircc_733,/api/v2013/documents/1D6845E0-229E-EC87-CC1F-45CDB47773CC/attachments/AGR%2089%202019.pdf,AGR 89 2019.pdf,NA,NA,NA
ircc_754,/api/v2013/documents/6D2C621E-25E9-4965-CC60-AA426C033287/attachments/Permit%20WDNA%20ru.pdf,Permit WDNA ru.pdf,NA,NA,NA
ircc_754,/api/v2013/documents/6D2C621E-25E9-4965-CC60-AA426C033287/attachments/Pernit%20WDNA%20en.pdf,Pernit WDNA en.pdf,NA,NA,NA
ircc_755,/api/v2013/documents/E5767335-4D8D-1223-794F-F76F6A80A000/attachments/Permit%20micoriza%20ru.pdf,Permit micoriza ru.pdf,NA,NA,NA
ircc_755,/api/v2013/documents/E5767335-4D8D-1223-794F-F76F6A80A000/attachments/Permit%20root%20samples%20Orchid%C3%A1ceae%20EN.docx,Permit root samples Orchidáceae EN.docx,NA,NA,NA
ircc_758,/api/v2013/documents/B6C5A175-6D2E-BE4F-86C1-D4B8866B0535/attachments/Permit%20Antarctic%20EN.docx,Permit Antarctic EN.docx,NA,NA,NA
ircc_758,/api/v2013/documents/B6C5A175-6D2E-BE4F-86C1-D4B8866B0535/attachments/Permit%20Antarctic%20RU.pdf,Permit Antarctic RU.pdf,NA,NA,NA
ircc_759,/api/v2013/documents/8DC8C8D6-A072-DCE2-645E-623DA3386C03/attachments/IRCC%20IFR%20ru.pdf,IRCC IFR ru.pdf,NA,NA,NA
ircc_759,/api/v2013/documents/8DC8C8D6-A072-DCE2-645E-623DA3386C03/attachments/IRCC%20IPPCC%20RAN%20en.pdf,IRCC IPPCC RAN en.pdf,NA,NA,NA
ircc_760,/api/v2013/documents/8F3A27A2-0546-A1A0-730E-0564C3A312D7/attachments/Permit%20root%20samples%202019.pdf,Permit root samples 2019.pdf,NA,NA,NA
ircc_760,/api/v2013/documents/8F3A27A2-0546-A1A0-730E-0564C3A312D7/attachments/Permit%20micoriza%20RU%202019.pdf,Permit micoriza RU 2019.pdf,NA,NA,NA
ircc_761,/api/v2013/documents/AD6D12AB-9033-8F03-B7D3-7BA937660426/attachments/Permit%20SEPPIC%2020-05-20.docx,Permit SEPPIC 20-05-20.docx,NA,NA,NA
ircc_761,/api/v2013/documents/AD6D12AB-9033-8F03-B7D3-7BA937660426/attachments/Permit%20SEPPIC%20RU.pdf,Permit SEPPIC RU.pdf,NA,NA,NA
ircc_762,/api/v2013/documents/1805ED01-B593-37B0-850C-CCE416BB06FB/attachments/R-DN-0181-19.pdf,R-DN-0181-19.pdf,NA,NA,NA
ircc_762,/api/v2013/documents/1805ED01-B593-37B0-850C-CCE416BB06FB/attachments/R-DN-0196-19.pdf,R-DN-0196-19.pdf,NA,NA,NA
ircc_764,http://ambiente.gob.do/medio-ambiente-farmaceutica-acuerdan-usar-escorpiones-busqueda-medicamentos-anticanceroso/,NA,link,NA,NA
ircc_765,/api/v2013/documents/76FCF3FA-6CFE-6272-4F61-83C8E4EBE5C8/attachments/DOC20031absf-20032019051218.pdf,DOC20031absf-20032019051218.pdf,NA,NA,NA
ircc_766,/api/v2013/documents/3D21BDA5-442B-65D0-5296-D02C3B99CEF2/attachments/nema522015.pdf,nema522015.pdf,NA,NA,NA
ircc_767,/api/v2013/documents/225F964A-4070-8865-D7CA-EEE7F7418B81/attachments/nema612015-21022019010219.pdf,nema612015-21022019010219.pdf,NA,NA,NA
ircc_768,/api/v2013/documents/C1D54826-6311-4D6F-DDB8-7D90A9A75E80/attachments/nema612015-21022019011120.pdf,nema612015-21022019011120.pdf,NA,NA,NA
ircc_769,/api/v2013/documents/B0FEC2D4-A130-BF5F-60C9-EE8AFDAA8F92/attachments/nema612015-21022019010609.pdf,nema612015-21022019010609.pdf,NA,NA,NA
ircc_770,/api/v2013/documents/BA83FFB3-36B5-2D4C-EC75-47086EF7DC20/attachments/nema612015-21022019010324.pdf,nema612015-21022019010324.pdf,NA,NA,NA
ircc_771,/api/v2013/documents/99E802E5-F718-DA90-3463-1E3510C87AB5/attachments/DOC20031absf-20032019051024.pdf,DOC20031absf-20032019051024.pdf,NA,NA,NA
ircc_772,/api/v2013/documents/EC624C44-B6C7-1AA1-B434-215AFF84ED2A/attachments/nema612015-21022019010910.pdf,nema612015-21022019010910.pdf,NA,NA,NA
ircc_774,/api/v2013/documents/68F13E6F-252E-A41A-AB75-7FC18B681C55/attachments/nema612015-21022019011038.pdf,nema612015-21022019011038.pdf,NA,NA,NA
ircc_775,/api/v2013/documents/C0C6A411-4D3A-CF95-3DED-1D3AFD17F83B/attachments/AGR%20101%202018.pdf,AGR 101 2018.pdf,NA,NA,NA
ircc_777,/api/v2013/documents/B8825DC6-3AAF-1237-C45F-446ADC69419E/attachments/AGR872018.pdf,AGR872018.pdf,NA,NA,NA
ircc_778,/api/v2013/documents/9C5926CF-97BC-B811-DA92-D5BC09C67637/attachments/AGR682017.pdf,AGR682017.pdf,NA,NA,NA
ircc_779,/api/v2013/documents/7D9AB4B7-5FC4-2E32-16BC-6BE4AAFAA903/attachments/AGR%20135%202019.pdf,AGR 135 2019.pdf,NA,NA,NA
ircc_780,/api/v2013/documents/225AF1B0-216C-F963-49EC-567EEF02B94B/attachments/AGR%20100%202018.pdf,AGR 100 2018.pdf,NA,NA,NA
ircc_781,/api/v2013/documents/EEEEDF3B-1659-332D-02E6-06F4BBEA52AE/attachments/AGR%20134%202019.pdf,AGR 134 2019.pdf,NA,NA,NA
ircc_782,/api/v2013/documents/6C756133-BEC5-4586-259D-4E45C4C5E414/attachments/AGR1182018.pdf,AGR1182018.pdf,NA,NA,NA
ircc_783,/api/v2013/documents/91F63F37-0CF1-DF64-199D-90FD8487E09B/attachments/AGR702017.pdf,AGR702017.pdf,NA,NA,NA
ircc_784,/api/v2013/documents/769824F9-3FD6-84C6-092E-AB60D6038A29/attachments/AGR722017.pdf,AGR722017.pdf,NA,NA,NA
ircc_1245,/api/v2013/documents/E91AA1E8-EA82-78F4-DE25-0715CC57DFF4/attachments/611803/Permit%20spring%20soft%20wheat%20RUS.pdf,Permit spring soft wheat RUS.pdf,NA,ru,NA
ircc_1245,/api/v2013/documents/E91AA1E8-EA82-78F4-DE25-0715CC57DFF4/attachments/611806/Permit%20spring%20soft%20wheat%20ENG.pdf,Permit spring soft wheat ENG.pdf,NA,en,NA
ircc_1248,/api/v2013/documents/EFBFD6E5-82DA-F64A-A621-F02F5D57C998/attachments/611822/RESOLUCI%C3%93N%20DIRECTORAL%20N%C2%B0%200005-2021-INIA-DGIA.pdf,RESOLUCIÓN DIRECTORAL N° 0005-2021-INIA-DGIA.pdf,NA,es,RD N° 005-2021-INIA-DGIA
ircc_1249,/api/v2013/documents/9E8719FD-FF0C-BE2F-8E77-98B321E70D93/attachments/611825/RESOLUCI%C3%93N%20DIRECTORAL%20N%C2%B0%200007-2021-INIA-DGIA.pdf,RESOLUCIÓN DIRECTORAL N° 0007-2021-INIA-DGIA.pdf,NA,es,NA
ircc_1250,/api/v2013/documents/0DEF9F12-670D-4600-26EF-C7FADD9579CF/attachments/611826/RESOLUCI%C3%93N%20DIRECTORAL%20N%C2%B0%200008-2021-INIA-DGIA.pdf,RESOLUCIÓN DIRECTORAL N° 0008-2021-INIA-DGIA.pdf,NA,es,NA
ircc_1272,/api/v2013/documents/E27870FE-EE65-15F8-0D07-4F693E55FDE7/attachments/611879/RD%20no-001-2021-inia-dgia_UPCH_maca%20y%20yacon.pdf,RD no-001-2021-inia-dgia_UPCH_maca y yacon.pdf,NA,es,"maca, yacon"
ircc_1273,/api/v2013/documents/FF1BBE4A-73E5-BD2D-68E7-1D5DECC03793/attachments/611878/RD%20no-002-2021-inia-dgia_maca%20para%20fines%20comerciales.pdf,RD no-002-2021-inia-dgia_maca para fines comerciales.pdf,NA,es,maca
ircc_1389,/api/v2013/documents/BB45EB15-349D-EFD1-636D-032301D66E4B/attachments/611925/RESOLUCI%C3%93N%20DIRECTORAL%20No%200010-2021-INIA-DGIA.pdf,RESOLUCIÓN DIRECTORAL No 0010-2021-INIA-DGIA.pdf,NA,es,cacao porcelana
ircc_1799,/api/v2013/documents/9F80A7BB-A33A-CEE0-5ABD-5DA09B2D9261/attachments/Permiso%20exportaci%C3%B3n%20Donald%20Windsor%202021.pdf,Permiso exportación Donald Windsor 2021.pdf,NA,NA,NA
ircc_1799,/api/v2013/documents/9F80A7BB-A33A-CEE0-5ABD-5DA09B2D9261/attachments/ATM%20Donal%20Windsor%20export%20Alemania.pdf,ATM Donal Windsor export Alemania.pdf,NA,NA,NA
ircc_2176,/api/v2013/documents/B6D33586-2469-2712-D4A7-036D247B1722/attachments/Permiso%20SE_AP_2_18%20Donald%20Wnidsor.pdf,Permiso SE_AP_2_18 Donald Wnidsor.pdf,NA,NA,NA
ircc_3967,/api/v2013/documents/5FE22844-5A5B-068D-D846-848E86306169/attachments/IRCC%20AW%20ru.pdf,IRCC AW ru.pdf,NA,NA,NA
ircc_3967,/api/v2013/documents/5FE22844-5A5B-068D-D846-848E86306169/attachments/IRCC%20AW%20en.pdf,IRCC AW en.pdf,NA,NA,NA
ircc_3968,/api/v2013/documents/AAE13BFF-DEA7-43F9-02A8-8D5F47E46A3A/attachments/Permit%20AW%20ru.pdf,Permit AW ru.pdf,NA,NA,NA
ircc_3968,/api/v2013/documents/AAE13BFF-DEA7-43F9-02A8-8D5F47E46A3A/attachments/Permit%20AW%20EN.docx,Permit AW EN.docx,NA,NA,NA
ircc_3972,/api/v2013/documents/E68CC5C5-5325-9874-A7F1-9285AA3F9DE6/attachments/Permiso%20cient%C3%ADfico%20Betzi%20Perez%20SE%20AO_1_16.pdf,Permiso científico Betzi Perez SE AO_1_16.pdf,NA,NA,NA
ircc_3973,/api/v2013/documents/AFD56CB0-6868-83FE-D908-F22497FAA194/attachments/permiso%20Melanie%20Mayes.pdf,permiso Melanie Mayes.pdf,NA,NA,NA
ircc_3974,/api/v2013/documents/994D04D2-00A4-F399-4BE4-6B4D008E1C83/attachments/SE-P-4-2020_James%20Dalling.pdf,SE-P-4-2020_James Dalling.pdf,NA,NA,NA
ircc_3975,/api/v2013/documents/5E0662F6-5698-208C-9EFE-667D468E8F75/attachments/Permiso%20cientifico%20Samuel%20Boniche.pdf,Permiso cientifico Samuel Boniche.pdf,NA,NA,NA
ircc_3976,/api/v2013/documents/B32FA54D-15A1-730B-A630-5B45BC9FACC7/attachments/Permiso_export_Oscar%20Puebla%20SEX_A_12_17.pdf,Permiso_export_Oscar Puebla SEX_A_12_17.pdf,NA,NA,NA
ircc_3977,/api/v2013/documents/F0503019-D7DF-9261-84C5-FA115BF9DC1C/attachments/SCAP1%2020-%20Panama%202020%20Ruiqi%20Li.pdf,SCAP1 20- Panama 2020 Ruiqi Li.pdf,NA,NA,NA
ircc_3978,/api/v2013/documents/E5643CB6-90D8-A06A-C0FB-CC5599AA3727/attachments/Permiso%20de%20exportaci%C3%B3n%20Thorsten%20Reusch.pdf,Permiso de exportación Thorsten Reusch.pdf,NA,NA,NA
ircc_3979,/api/v2013/documents/2B71B463-7CB4-5798-988D-0A56D19C64A5/attachments/permiso%20de%20colecta%20Thorsten%20Reusch.pdf,permiso de colecta Thorsten Reusch.pdf,NA,NA,NA
ircc_3980,/api/v2013/documents/96F67C63-2549-60F5-3712-7BB7738D0BBF/attachments/SE-A-2-2020_Jorge%20Garzon.pdf,SE-A-2-2020_Jorge Garzon.pdf,NA,NA,NA
ircc_3981,/api/v2013/documents/FC32932A-18BD-0B95-DD5F-7ABAAB54FC1A/attachments/DOC280219-28022019035400.pdf,DOC280219-28022019035400.pdf,NA,NA,NA
ircc_3983,/api/v2013/documents/3F0FE257-2F5A-9C9F-C1CF-E9FDA8338B8E/attachments/impala%20research%20front.pdf,impala research front.pdf,NA,NA,NA
ircc_3984,/api/v2013/documents/B1482866-EBA2-3707-1355-10F9AFE808F6/attachments/shimbahillsbirdsfront.pdf,shimbahillsbirdsfront.pdf,NA,NA,NA
ircc_3985,/api/v2013/documents/6DA28FAB-41FF-18A7-3D2E-9B372079FBC3/attachments/SE%20AO%204%2019%20Matthieu%20Leray.pdf,SE AO 4 19 Matthieu Leray.pdf,NA,NA,NA
ircc_3986,/api/v2013/documents/0DDC595F-D75D-46AC-68EA-E22842BD56B9/attachments/blue%20monkeyfront.pdf,blue monkeyfront.pdf,NA,NA,NA
ircc_3987,/api/v2013/documents/176DB93B-3A73-55BB-75F6-C5CCDA90B064/attachments/DOC20031absf-20032019051331.pdf,DOC20031absf-20032019051331.pdf,NA,NA,NA
ircc_3988,/api/v2013/documents/9F1109A1-122B-02AB-830B-C11B7E763B93/attachments/olivebaboon%20front.pdf,olivebaboon front.pdf,NA,NA,NA
ircc_3989,/api/v2013/documents/EDDB2970-7A76-B0D4-DD98-FBC47381B4FE/attachments/DOC280219-28022019035742.pdf,DOC280219-28022019035742.pdf,NA,NA,NA
ircc_3991,/api/v2013/documents/AE1A49F9-5F5F-D8D5-7F1F-408768C146EA/attachments/DOC20031absf-20032019051437.pdf,DOC20031absf-20032019051437.pdf,NA,NA,NA
ircc_3992,/api/v2013/documents/E6AC647D-8F92-F7C9-D278-E87E3F96990C/attachments/DOC20031absf-20032019051406.pdf,DOC20031absf-20032019051406.pdf,NA,NA,NA
ircc_3993,/api/v2013/documents/BB108959-EAF2-8A29-ACFF-552DAF3C2C4E/attachments/DOC280219-28022019040038.pdf,DOC280219-28022019040038.pdf,NA,NA,NA
ircc_3994,/api/v2013/documents/DAFB4CA8-64D0-631D-FB29-25ADBD411F72/attachments/DOC280219-28022019035716.pdf,DOC280219-28022019035716.pdf,NA,NA,NA
ircc_3995,/api/v2013/documents/FACA84EE-AFF3-5087-1398-09498F7A25FC/attachments/AGR%20123%202019.pdf,AGR 123 2019.pdf,NA,NA,NA
ircc_3996,/api/v2013/documents/125451CA-B000-788D-4243-295D400E7C5B/attachments/AGR%20125%202019.pdf,AGR 125 2019.pdf,NA,NA,NA
ircc_3998,/api/v2013/documents/8E2CA505-C1CE-15F4-57F1-644216B68FCF/attachments/AGR%20127%202019.pdf,AGR 127 2019.pdf,NA,NA,NA
ircc_4047,/api/v2013/documents/81413C54-079C-501D-7774-D4EBB5758105/attachments/Permiso%20cientifico%20Steven%20Vollmer.pdf,Permiso cientifico Steven Vollmer.pdf,NA,NA,NA
ircc_4049,/api/v2013/documents/5EC1D017-D734-1A59-A22F-A28E13FBD699/attachments/Permiso%20cient%C3%ADfico%20Hildaura%20Pati%C3%B1o.pdf,Permiso científico Hildaura Patiño.pdf,NA,NA,NA
ircc_4050,/api/v2013/documents/BE520F50-A723-E9F3-9134-7298A604FDEE/attachments/Permiso%20de%20exportaci%C3%B3n%20Marcos%20Salazar.pdf,Permiso de exportación Marcos Salazar.pdf,NA,NA,NA
ircc_4054,/api/v2013/documents/62B7CCFF-A90B-EC9D-2348-C5621A53C722/attachments/permiso%20de%20exportacion%20Marino%20Abrego%20Sebastian%20Hernandez%20aletas%20tiburones.pdf,permiso de exportacion Marino Abrego Sebastian Hernandez aletas tiburones.pdf,NA,NA,NA
ircc_4055,/api/v2013/documents/D2C5D9D4-DA59-AE9E-39BC-1394546C7814/attachments/permiso%20cient%C3%ADfico%20Michele%20Pierotti.pdf,permiso científico Michele Pierotti.pdf,NA,NA,NA
ircc_4056,/api/v2013/documents/64F40B60-08FE-AFD0-186A-1721B0F122C7/attachments/SE-A-11-2020_Michael%20braun.pdf,SE-A-11-2020_Michael braun.pdf,NA,NA,NA
ircc_4057,/api/v2013/documents/64337C74-5373-8B55-25DE-4BA5F3149399/attachments/INDIGENA%20Project%203%20Access%20Permit%20UNARGEN%20FINAL.pdf,INDIGENA Project 3 Access Permit UNARGEN FINAL.pdf,NA,NA,NA
ircc_4058,/api/v2013/documents/BC404AFB-27A7-F408-562E-12695A762544/attachments/DOC20031absf-20032019051255.pdf,DOC20031absf-20032019051255.pdf,NA,NA,NA
ircc_4059,/api/v2013/documents/93C9EC54-51C4-0226-DCD3-CD24835F239C/attachments/AGR%20101%202018.pdf,AGR 101 2018.pdf,NA,NA,NA
ircc_4060,/api/v2013/documents/1C5DFB0D-60AB-6E7F-115F-B810735FC4C5/attachments/DOC200219-20022019031756.pdf,DOC200219-20022019031756.pdf,NA,NA,NA
ircc_4061,/api/v2013/documents/43254228-AD82-6A08-95CB-A99C71D37908/attachments/AGR%20120%202019.pdf,AGR 120 2019.pdf,NA,NA,NA
ircc_4062,/api/v2013/documents/DC8C3ACC-040B-D93A-675D-FE8CA86681C4/attachments/AGR%20119%202019.pdf,AGR 119 2019.pdf,NA,NA,NA
ircc_4063,/api/v2013/documents/C83DF8CD-3627-68C1-79A3-FFD252A48C96/attachments/AGR%2089%202018.pdf,AGR 89 2018.pdf,NA,NA,NA
ircc_4064,/api/v2013/documents/E1D7C019-6ADB-3D1C-65F5-6AA71340F1BB/attachments/nema612015-21022019010754.pdf,nema612015-21022019010754.pdf,NA,NA,NA
ircc_4065,/api/v2013/documents/C9754081-91FA-3F94-6216-CAE66FFBA124/attachments/AGR%20122%202019.pdf,AGR 122 2019.pdf,NA,NA,NA
ircc_4066,/api/v2013/documents/AA462730-6A09-03E7-F906-CFACD0AD756E/attachments/DOC200219-20022019032031.pdf,DOC200219-20022019032031.pdf,NA,NA,NA
ircc_4067,/api/v2013/documents/0D56D0AA-023E-921E-2BD7-03C98465594B/attachments/DOC200219-20022019031948.pdf,DOC200219-20022019031948.pdf,NA,NA,NA
ircc_4069,/api/v2013/documents/BB8A3447-B70E-EC44-14B2-16E797AA9D43/attachments/AGR%20138%202019%200079.pdf,AGR 138 2019 0079.pdf,NA,NA,NA
ircc_4070,/api/v2013/documents/A9182E21-E4BA-4D28-B87F-506B7C2776A7/attachments/AGR%20137%202019%20dated%2013%20sept.pdf,AGR 137 2019 dated 13 sept.pdf,NA,NA,NA
ircc_4071,/api/v2013/documents/EA220EB3-2843-923C-856F-8A41B6F71D50/attachments/AGR%20133%202019.pdf,AGR 133 2019.pdf,NA,NA,NA
ircc_4072,/api/v2013/documents/8560ACBC-188A-C1B5-2282-06107261CE94/attachments/AGR%20138%202019.pdf,AGR 138 2019.pdf,NA,NA,NA
ircc_4073,/api/v2013/documents/BEE34C93-361B-F43F-1E74-2072E654218A/attachments/AGR%20132%202019.pdf,AGR 132 2019.pdf,NA,NA,NA
ircc_4074,/api/v2013/documents/173188F4-8ED8-700B-6263-AC767CA6C335/attachments/AGR%20136%202019.pdf,AGR 136 2019.pdf,NA,NA,NA
ircc_4075,/api/v2013/documents/A60A3B00-6E32-3256-10C1-41CD7E599181/attachments/AGR%20129%202019.pdf,AGR 129 2019.pdf,NA,NA,NA
ircc_4076,/api/v2013/documents/632AB36B-3DD7-FD23-75C0-4028DD1B6E03/attachments/AGR%20124%202019.pdf,AGR 124 2019.pdf,NA,NA,NA
ircc_4077,/api/v2013/documents/1A2C9900-0E5C-72C5-DB7E-8DD0D790D57A/attachments/AGR%20130%202019.pdf,AGR 130 2019.pdf,NA,NA,NA
ircc_4078,/api/v2013/documents/7F627CE9-D6E2-ADAA-0D10-B68ABD4CB769/attachments/AGR1082018.pdf,AGR1082018.pdf,NA,NA,NA
ircc_4126,/api/v2013/documents/5B2AFAFE-A584-4FC6-5FE7-10A9113265FA/attachments/612382/2022.36001.007711.pdf,2022.36001.007711.pdf,NA,es,R DINABISE 16/2022
ircc_4127,/api/v2013/documents/2A34DAE2-8DFA-2771-8024-DEC799B91005/attachments/612562/nema153a.jpg,nema153a.jpg,NA,NA,NA
ircc_4127,/api/v2013/documents/2A34DAE2-8DFA-2771-8024-DEC799B91005/attachments/612563/NEMA153b.jpg,NEMA153b.jpg,NA,NA,NA
ircc_4128,/api/v2013/documents/6424F711-A743-AF00-69A7-DF439C97DB1B/attachments/612559/nema%201522021a.jpg,nema 1522021a.jpg,NA,NA,NA
ircc_4128,/api/v2013/documents/6424F711-A743-AF00-69A7-DF439C97DB1B/attachments/612560/nema1522021.jpg,nema1522021.jpg,NA,NA,NA
ircc_4128,/api/v2013/documents/6424F711-A743-AF00-69A7-DF439C97DB1B/attachments/612561/nema1522021c.jpg,nema1522021c.jpg,NA,NA,NA
ircc_4129,/api/v2013/documents/BCF666FA-5584-421A-ED5E-C42A4075A1A2/attachments/612548/NEMA1422020A.jpg,NEMA1422020A.jpg,NA,NA,NA
ircc_4129,/api/v2013/documents/BCF666FA-5584-421A-ED5E-C42A4075A1A2/attachments/612549/NEMA1422020B.jpg,NEMA1422020B.jpg,NA,NA,NA
ircc_4129,/api/v2013/documents/BCF666FA-5584-421A-ED5E-C42A4075A1A2/attachments/612550/NEMA1422020C.jpg,NEMA1422020C.jpg,NA,NA,NA
ircc_4130,/api/v2013/documents/6842BBB9-C3EA-7C6E-0803-AE793E340E7E/attachments/612572/NEMA147A.jpg,NEMA147A.jpg,NA,NA,NA
ircc_4130,/api/v2013/documents/6842BBB9-C3EA-7C6E-0803-AE793E340E7E/attachments/612573/NEMA147B.jpg,NEMA147B.jpg,NA,NA,NA
ircc_4131,/api/v2013/documents/779162CD-F3B0-C11A-709C-72B465D34DAE/attachments/612578/NEMA159A.jpg,NEMA159A.jpg,NA,NA,NA
ircc_4131,/api/v2013/documents/779162CD-F3B0-C11A-709C-72B465D34DAE/attachments/612579/NEMA159B.jpg,NEMA159B.jpg,NA,NA,NA
ircc_4132,/api/v2013/documents/29FE1897-EA1A-65C0-562B-B52AAB1E7A53/attachments/612584/NEMA158A.jpg,NEMA158A.jpg,NA,NA,NA
ircc_4133,/api/v2013/documents/40EF3CA2-DEFE-3F32-2184-5F13008074B6/attachments/612582/NEMA149A.jpg,NEMA149A.jpg,NA,NA,NA
ircc_4133,/api/v2013/documents/40EF3CA2-DEFE-3F32-2184-5F13008074B6/attachments/612583/NEMA149B.jpg,NEMA149B.jpg,NA,NA,NA
ircc_4134,/api/v2013/documents/B8951BF9-9305-73DD-5CCD-DF6DBFE261D7/attachments/612574/NEMA148A.jpg,NEMA148A.jpg,NA,NA,NA
ircc_4134,/api/v2013/documents/B8951BF9-9305-73DD-5CCD-DF6DBFE261D7/attachments/612575/NEMA148B.jpg,NEMA148B.jpg,NA,NA,NA
ircc_4135,/api/v2013/documents/D087366A-8B0A-FAA5-8C31-C4A64B6DC9C0/attachments/612576/NEMA157A.jpg,NEMA157A.jpg,NA,NA,NA
ircc_4135,/api/v2013/documents/D087366A-8B0A-FAA5-8C31-C4A64B6DC9C0/attachments/612577/NEMA157B.jpg,NEMA157B.jpg,NA,NA,NA
ircc_4136,/api/v2013/documents/B1A49B62-1A52-47F2-FA41-261C490020FD/attachments/612557/nema145a.jpg,nema145a.jpg,NA,NA,NA
ircc_4137,/api/v2013/documents/C75F3C82-2918-5319-E06E-F21C02EFAC63/attachments/612551/NEMA1432020A.jpg,NEMA1432020A.jpg,NA,NA,NA
ircc_4137,/api/v2013/documents/C75F3C82-2918-5319-E06E-F21C02EFAC63/attachments/612552/NEMA1432020B.jpg,NEMA1432020B.jpg,NA,NA,NA
ircc_4137,/api/v2013/documents/C75F3C82-2918-5319-E06E-F21C02EFAC63/attachments/612553/nema1432020.jpg,nema1432020.jpg,NA,NA,NA
ircc_4138,/api/v2013/documents/07F5E5C1-1118-2A94-820A-D56C111F4576/attachments/612554/nema144a.jpg,nema144a.jpg,NA,NA,NA
ircc_4138,/api/v2013/documents/07F5E5C1-1118-2A94-820A-D56C111F4576/attachments/612555/nema144b.jpg,nema144b.jpg,NA,NA,NA
ircc_4138,/api/v2013/documents/07F5E5C1-1118-2A94-820A-D56C111F4576/attachments/612556/nema144c.jpg,nema144c.jpg,NA,NA,NA
ircc_4139,/api/v2013/documents/D6013744-3B2F-05D6-3F54-526F638C8186/attachments/612558/nema146.jpg,nema146.jpg,NA,NA,NA
ircc_4140,/api/v2013/documents/88BE344C-6A5E-52AB-43A5-BFA69FAA2EFD/attachments/612567/nema162a.jpg,nema162a.jpg,NA,NA,NA
ircc_4140,/api/v2013/documents/88BE344C-6A5E-52AB-43A5-BFA69FAA2EFD/attachments/612568/nema%20162b.jpg,nema 162b.jpg,NA,NA,NA
ircc_4141,/api/v2013/documents/279B0D97-661A-FA64-D2FA-D97640977C8B/attachments/612565/nema160b.jpg,nema160b.jpg,NA,NA,NA
ircc_4141,/api/v2013/documents/279B0D97-661A-FA64-D2FA-D97640977C8B/attachments/612566/nema160a.jpg,nema160a.jpg,NA,NA,NA
ircc_4142,/api/v2013/documents/C8ED9E19-FF4D-8DD3-FF35-16C538F82D1F/attachments/AGR%20135%202019.pdf,AGR 135 2019.pdf,NA,NA,NA
ircc_4143,/api/v2013/documents/336931A9-B589-54BC-530B-02174A0DC0DD/attachments/612546/NEMA492021A.jpg,NEMA492021A.jpg,NA,NA,NA
ircc_4143,/api/v2013/documents/336931A9-B589-54BC-530B-02174A0DC0DD/attachments/612547/NEMA1492021B.jpg,NEMA1492021B.jpg,NA,NA,NA
ircc_4165,/api/v2013/documents/6B8ADCD8-A2BD-18F0-FB4B-1243441CDD41/attachments/612626/ARG%20005%202022.pdf,ARG 005 2022.pdf,NA,es,"Acceso a recursos genéticos, peces marinos"
ircc_4166,/api/v2013/documents/6382573C-0150-D55F-821A-7CD2B6A1CFF9/attachments/612627/PA%2001%20ARG%20086%202022.pdf,PA 01 ARG 086 2022.pdf,NA,es,Permiso de exportación Owen MacMillan- Oscar Puebla
ircc_4203,/api/v2013/documents/3D018A2A-6ADC-EED1-B95B-C536C8E01C26/attachments/612721/Permit%20spring%20soft%20wheat%20RUS.pdf,Permit spring soft wheat RUS.pdf,NA,ru,NA
ircc_4203,/api/v2013/documents/3D018A2A-6ADC-EED1-B95B-C536C8E01C26/attachments/612722/Permit%20spring%20soft%20wheat%20ENG.PDF,Permit spring soft wheat ENG.PDF,NA,en,NA
ircc_4333,/api/v2013/documents/754D19D0-DA0D-4A6E-BD2B-4579D388EE3D/attachments/AGR1392020.pdf,AGR1392020.pdf,NA,NA,NA
ircc_4334,/api/v2013/documents/7D61B0CC-F46D-B997-4156-96FE0D3665F2/attachments/AGR1382020.pdf,AGR1382020.pdf,NA,NA,NA
ircc_4335,/api/v2013/documents/EC8656D9-E682-BBD3-B92E-EBD95FCE1DEA/attachments/AGR1402020.pdf,AGR1402020.pdf,NA,NA,NA
ircc_4563,/api/v2013/documents/1E86488E-503C-A1CA-51DB-9DB8F03964F5/attachments/612772/CTO-ARG-2022-0006.pdf,CTO-ARG-2022-0006.pdf,NA,es,NA
ircc_4564,/api/v2013/documents/CDD9CD84-0929-6E2B-62CB-89DC1FDE0046/attachments/612771/CTO-ARG-2022-0005.pdf,CTO-ARG-2022-0005.pdf,NA,es,NA
ircc_4568,/api/v2013/documents/193F6932-65CF-5088-9E66-CBE364286018/attachments/613511/R%20DINABISE%20004%202023.PDF,R DINABISE 004 2023.PDF,NA,es,NA
