id,url,name,language
ircc_2,/api/v2013/documents/4EBE18FE-5420-8EA9-193A-18957A1709FA/attachments/Contrato%20CONAP_UVG%20Acceso%20a%20RRGG%20Caoba%20y%20Cedro.pdf,Contrato CONAP_UVG Acceso a RRGG Caoba y Cedro.pdf,NA
ircc_416,/api/v2013/documents/30AAD9B9-52EC-5B4B-99AA-7951D947D54E/attachments/CPCC%20et%20CCCA.pdf,CPCC et CCCA.pdf,NA
ircc_417,/api/v2013/documents/3EABBE3F-47B1-A360-8165-05E3E6BB3D11/attachments/CPCC%20et%20CCCA.pdf,CPCC et CCCA.pdf,NA
ircc_426,/api/v2013/documents/847D6BF8-48E8-9D8F-96B8-52F1717D71FF/attachments/CPCC%20et%20CCCA_CONTRAT.pdf,CPCC et CCCA_CONTRAT.pdf,NA
ircc_427,/api/v2013/documents/7B2DDF1F-FEC4-868A-0EC2-04952BF4DD61/attachments/CPCC%20et%20CCCA.pdf,CPCC et CCCA.pdf,NA
ircc_428,/api/v2013/documents/A116AF0E-C309-AC81-4A59-C7EE328BEE2E/attachments/CPCC-CCCA.pdf,CPCC-CCCA.pdf,NA
ircc_429,/api/v2013/documents/FD67BA92-F4F0-A70A-5868-F52BF2891367/attachments/CPCC-CCCA.pdf,CPCC-CCCA.pdf,NA
ircc_430,/api/v2013/documents/AD83FFE1-B3A8-61FA-F1FC-65029C97F2B5/attachments/CPCC_CCCA.pdf,CPCC_CCCA.pdf,NA
ircc_431,/api/v2013/documents/9DD93447-C042-FFD7-6DAD-650D769F4E3F/attachments/CPCC-CCCA.pdf,CPCC-CCCA.pdf,NA
ircc_432,/api/v2013/documents/5DCB4844-694D-6216-3727-AB11B254C4D6/attachments/CPCC_CCCA.pdf,CPCC_CCCA.pdf,NA
ircc_433,/api/v2013/documents/AC21D396-870C-7C48-C98E-A6E8A13B071A/attachments/CPCC%20et%20CCCA.pdf,CPCC et CCCA.pdf,NA
ircc_554,/api/v2013/documents/A47BB032-AA2B-485C-45FB-DC6B529FB4BD/attachments/CPCC%20et%20CCCA.pdf,CPCC et CCCA.pdf,NA
ircc_555,/api/v2013/documents/52AE7157-4B0B-30B4-D0EB-F29018BAB1F3/attachments/CPCC%20et%20CCCA_CONTRAT.pdf,CPCC et CCCA_CONTRAT.pdf,NA
ircc_556,/api/v2013/documents/4CDB4256-E052-AD7C-17E7-9265107D51F6/attachments/CPCC%20et%20CCCA.pdf,CPCC et CCCA.pdf,NA
ircc_557,/api/v2013/documents/0339E18E-9D5B-FCA1-8BFE-B1E6C96B397E/attachments/CPCC%20et%20CCCA.pdf,CPCC et CCCA.pdf,NA
ircc_558,/api/v2013/documents/3A7AC592-2DED-4820-B247-452FFBD0BEB0/attachments/CPCC%20et%20CCCA.pdf,CPCC et CCCA.pdf,NA
ircc_559,/api/v2013/documents/5D2BC19A-EB4F-554B-4C31-D5A4C53CBAA0/attachments/CPCC%20et%20CCCA.pdf,CPCC et CCCA.pdf,NA
ircc_560,/api/v2013/documents/3CD7F66D-3751-B2C5-4CE5-8D51CE9C9631/attachments/CPCC%20ET%20CCCA.pdf,CPCC ET CCCA.pdf,NA
ircc_561,/api/v2013/documents/4A39D159-70D6-A70A-D43B-9E886904AB1E/attachments/CPCC%20ET%20CCCA.pdf,CPCC ET CCCA.pdf,NA
ircc_562,/api/v2013/documents/85964399-436E-518C-C208-6BA3E441344D/attachments/CPCC%20et%20CCCA.pdf,CPCC et CCCA.pdf,NA
ircc_563,/api/v2013/documents/B01BDDD8-5F0E-9972-301A-9229F78BF8C7/attachments/CPCC-CCCA.pdf,CPCC-CCCA.pdf,NA
ircc_692,/api/v2013/documents/9B6430A1-9CC7-723A-3DA8-068E65A23EB9/attachments/BELARUS-USA-Agreement%20for%20transfer%20of%20GR%20-signed%202017.pdf,BELARUS-USA-Agreement for transfer of GR -signed 2017.pdf,NA
ircc_697,/api/v2013/documents/A224B5A1-D739-7320-4FC9-D43E7647E18C/attachments/DOC100419-10042019112552.pdf,DOC100419-10042019112552.pdf,NA
ircc_698,/api/v2013/documents/DF0F639C-11D3-86D8-EC6C-4B89D867E33F/attachments/carta%20de%20compromiso%20Judy%20Stone.pdf,carta de compromiso Judy Stone.pdf,NA
ircc_700,/api/v2013/documents/7B7C7AD9-55F8-2A22-E062-734120226B13/attachments/carta%20compromiso%20Luis%20Fernando%20De%20Leon.pdf,carta compromiso Luis Fernando De Leon.pdf,NA
ircc_702,/api/v2013/documents/FC739018-DF90-A7E5-C7F6-9C3800848AA0/attachments/Carta%20de%20compromiso%20Alan%20Hesketh.pdf,Carta de compromiso Alan Hesketh.pdf,NA
ircc_703,/api/v2013/documents/1A431B95-9DC2-EB01-7AD7-97A3B8348AD0/attachments/carta%20de%20compromiso%20Margaret%20Crofoot%20solicitud%20109_17.pdf,carta de compromiso Margaret Crofoot solicitud 109_17.pdf,NA
ircc_704,/api/v2013/documents/721CA71E-2053-BD12-B573-41C4C3D8DE38/attachments/ATM%20Margret%20Crofoot.pdf,ATM Margret Crofoot.pdf,NA
ircc_705,/api/v2013/documents/FD477193-7E35-73CC-25A1-327D1EDD87B9/attachments/CONTRATO%20DE%20ACCESO%20A%20RECURSOS%20GENETICOS%20CAOBA.pdf,CONTRATO DE ACCESO A RECURSOS GENETICOS CAOBA.pdf,NA
ircc_706,/api/v2013/documents/C987E803-B080-0001-AA53-28D4BCC3D02F/attachments/ABS%20Agreement%20%20-%20SKN%201-21-19.docx,ABS Agreement  - SKN 1-21-19.docx,NA
ircc_754,/api/v2013/documents/6D2C621E-25E9-4965-CC60-AA426C033287/attachments/SPSB_signed_VK.pdf,SPSB_signed_VK.pdf,NA
ircc_755,/api/v2013/documents/E5767335-4D8D-1223-794F-F76F6A80A000/attachments/MoU%20BotSad%2BMinesota.pdf,MoU BotSad+Minesota.pdf,NA
ircc_758,/api/v2013/documents/B6C5A175-6D2E-BE4F-86C1-D4B8866B0535/attachments/CBG-SPCBR_Agreement_2019-04-23_AMENDED.pdf,CBG-SPCBR_Agreement_2019-04-23_AMENDED.pdf,NA
ircc_759,/api/v2013/documents/8DC8C8D6-A072-DCE2-645E-623DA3386C03/attachments/MAT%20IFR%20%26%20IGC.PDF,MAT IFR & IGC.PDF,NA
ircc_760,/api/v2013/documents/E5767335-4D8D-1223-794F-F76F6A80A000/attachments/MoU%20BotSad%2BMinesota.pdf,MoU BotSad+Minesota.pdf,NA
ircc_761,/api/v2013/documents/AD6D12AB-9033-8F03-B7D3-7BA937660426/attachments/ABS%20Agreement%20-%20Belarus%20(IGC%20NASB)%20-%20%20France%20(Seppic)%20-%205%20May%202020-sign%C3%A9AM%20MAM.pdf,ABS Agreement - Belarus (IGC NASB) -  France (Seppic) - 5 May 2020-signéAM MAM.pdf,NA
ircc_1245,/api/v2013/documents/E91AA1E8-EA82-78F4-DE25-0715CC57DFF4/attachments/611800/Agreement%20spring%20soft%20wheat%20RUS%20ENG%20.PDF,Agreement spring soft wheat RUS ENG .PDF,en
ircc_2270,/api/v2013/documents/3DC4D04C-5933-6FBC-E2B4-8886E251B3E9/attachments/UPGC%20N%C2%B01.pdf,UPGC N°1.pdf,NA
ircc_3853,/api/v2013/documents/1A25895C-3AB9-7004-C372-5138086E88EF/attachments/Gazette_Notification_of_ABS_Guidlines.pdf,Gazette_Notification_of_ABS_Guidlines.pdf,NA
ircc_3967,/api/v2013/documents/5FE22844-5A5B-068D-D846-848E86306169/attachments/Agreement%20AW.pdf,Agreement AW.pdf,NA
ircc_3968,/api/v2013/documents/AAE13BFF-DEA7-43F9-02A8-8D5F47E46A3A/attachments/Agreement%202019_AW.pdf,Agreement 2019_AW.pdf,NA
ircc_3973,/api/v2013/documents/AFD56CB0-6868-83FE-D908-F22497FAA194/attachments/carta%20compromiso%20Melanie%20Mayes.pdf,carta compromiso Melanie Mayes.pdf,NA
ircc_3975,/api/v2013/documents/5E0662F6-5698-208C-9EFE-667D468E8F75/attachments/carta%20de%20compromiso%20Samuel%20Boniche.pdf,carta de compromiso Samuel Boniche.pdf,NA
ircc_3977,/api/v2013/documents/F0503019-D7DF-9261-84C5-FA115BF9DC1C/attachments/Carta%20de%20compromiso%20Ruiqi%20Li_%20SC_AP_1_2020.pdf,Carta de compromiso Ruiqi Li_ SC_AP_1_2020.pdf,NA
ircc_3978,/api/v2013/documents/E5643CB6-90D8-A06A-C0FB-CC5599AA3727/attachments/ATM%20Thorsten%20Reusch%20p1.pdf,ATM Thorsten Reusch p1.pdf,NA
ircc_3978,/api/v2013/documents/E5643CB6-90D8-A06A-C0FB-CC5599AA3727/attachments/ATM%20Thorsten%20Reusch%20p2.pdf,ATM Thorsten Reusch p2.pdf,NA
ircc_3979,/api/v2013/documents/2B71B463-7CB4-5798-988D-0A56D19C64A5/attachments/Carta%20de%20compromiso%20Thorsten%20Reusch.pdf,Carta de compromiso Thorsten Reusch.pdf,NA
ircc_3983,/api/v2013/documents/3F0FE257-2F5A-9C9F-C1CF-E9FDA8338B8E/attachments/impala%20researchback.pdf,impala researchback.pdf,NA
ircc_3984,/api/v2013/documents/B1482866-EBA2-3707-1355-10F9AFE808F6/attachments/shimbahillbirds.pdf,shimbahillbirds.pdf,NA
ircc_3986,/api/v2013/documents/0DDC595F-D75D-46AC-68EA-E22842BD56B9/attachments/blue%20monkey.pdf,blue monkey.pdf,NA
ircc_3988,/api/v2013/documents/9F1109A1-122B-02AB-830B-C11B7E763B93/attachments/olivebaboon%20back.pdf,olivebaboon back.pdf,NA
ircc_4047,/api/v2013/documents/81413C54-079C-501D-7774-D4EBB5758105/attachments/carta%20de%20compromiso%20Steven%20Vollmer.pdf,carta de compromiso Steven Vollmer.pdf,NA
ircc_4048,/api/v2013/documents/D4A97205-AA61-6701-0A7F-D106EE966612/attachments/ABS%20Agreement%20%20-%20SKN.pdf,ABS Agreement  - SKN.pdf,NA
ircc_4049,/api/v2013/documents/5EC1D017-D734-1A59-A22F-A28E13FBD699/attachments/2757_001%20carta%20compromiso%20HPatino.pdf,2757_001 carta compromiso HPatino.pdf,NA
ircc_4055,/api/v2013/documents/D2C5D9D4-DA59-AE9E-39BC-1394546C7814/attachments/carta%20de%20compromiso%20Michele%20Pierotti.pdf,carta de compromiso Michele Pierotti.pdf,NA
ircc_4057,/api/v2013/documents/64337C74-5373-8B55-25DE-4BA5F3149399/attachments/Carta%20de%20compromiso%20Alan%20Hesketh%20solicitud%200393%20permiso%20SC_P_%2011_%2018.pdf,Carta de compromiso Alan Hesketh solicitud 0393 permiso SC_P_ 11_ 18.pdf,NA
ircc_4203,/api/v2013/documents/3D018A2A-6ADC-EED1-B95B-C536C8E01C26/attachments/612719/%D0%94%D0%BE%D0%B3%D0%BE%D0%B2%D0%BE%D1%80%202_%D0%92%D0%98%D0%A0.pdf,Договор 2_ВИР.pdf,en
ircc_4336,/api/v2013/documents/F21D73BA-7918-9C5C-62D4-52A67AAAADF7/attachments/612607/Conditions_265021%20(1).pdf,Conditions_265021 (1).pdf,en
