id,url,name,language,tag
ircc_2,/api/v2013/documents/4EBE18FE-5420-8EA9-193A-18957A1709FA/attachments/Acta%20Caoba%20y%20Cedro.pdf,Acta Caoba y Cedro.pdf,NA,NA
ircc_2,/api/v2013/documents/4EBE18FE-5420-8EA9-193A-18957A1709FA/attachments/Resoluci%C3%B3n%20aprobaci%C3%B3n%20de%20acceso%20RRGG.pdf,Resolución aprobación de acceso RRGG.pdf,NA,NA
ircc_416,/api/v2013/documents/30AAD9B9-52EC-5B4B-99AA-7951D947D54E/attachments/CPCC%20et%20CCCA.pdf,CPCC et CCCA.pdf,NA,NA
ircc_417,/api/v2013/documents/3EABBE3F-47B1-A360-8165-05E3E6BB3D11/attachments/CPCC%20et%20CCCA.pdf,CPCC et CCCA.pdf,NA,NA
ircc_426,/api/v2013/documents/847D6BF8-48E8-9D8F-96B8-52F1717D71FF/attachments/CPCC%20et%20CCCA_CONTRAT.pdf,CPCC et CCCA_CONTRAT.pdf,NA,NA
ircc_427,/api/v2013/documents/7B2DDF1F-FEC4-868A-0EC2-04952BF4DD61/attachments/CPCC%20et%20CCCA.pdf,CPCC et CCCA.pdf,NA,NA
ircc_428,/api/v2013/documents/A116AF0E-C309-AC81-4A59-C7EE328BEE2E/attachments/CPCC-CCCA.pdf,CPCC-CCCA.pdf,NA,NA
ircc_429,/api/v2013/documents/FD67BA92-F4F0-A70A-5868-F52BF2891367/attachments/CPCC-CCCA.pdf,CPCC-CCCA.pdf,NA,NA
ircc_430,/api/v2013/documents/AD83FFE1-B3A8-61FA-F1FC-65029C97F2B5/attachments/CPCC_CCCA.pdf,CPCC_CCCA.pdf,NA,NA
ircc_431,/api/v2013/documents/9DD93447-C042-FFD7-6DAD-650D769F4E3F/attachments/CPCC-CCCA.pdf,CPCC-CCCA.pdf,NA,NA
ircc_432,/api/v2013/documents/5DCB4844-694D-6216-3727-AB11B254C4D6/attachments/CPCC_CCCA.pdf,CPCC_CCCA.pdf,NA,NA
ircc_433,/api/v2013/documents/AC21D396-870C-7C48-C98E-A6E8A13B071A/attachments/CPCC%20et%20CCCA.pdf,CPCC et CCCA.pdf,NA,NA
ircc_554,/api/v2013/documents/A47BB032-AA2B-485C-45FB-DC6B529FB4BD/attachments/CPCC%20et%20CCCA.pdf,CPCC et CCCA.pdf,NA,NA
ircc_555,/api/v2013/documents/52AE7157-4B0B-30B4-D0EB-F29018BAB1F3/attachments/CPCC%20et%20CCCA_CONTRAT.pdf,CPCC et CCCA_CONTRAT.pdf,NA,NA
ircc_556,/api/v2013/documents/4CDB4256-E052-AD7C-17E7-9265107D51F6/attachments/CPCC%20et%20CCCA.pdf,CPCC et CCCA.pdf,NA,NA
ircc_557,/api/v2013/documents/0339E18E-9D5B-FCA1-8BFE-B1E6C96B397E/attachments/CPCC%20et%20CCCA.pdf,CPCC et CCCA.pdf,NA,NA
ircc_558,/api/v2013/documents/3A7AC592-2DED-4820-B247-452FFBD0BEB0/attachments/CPCC%20et%20CCCA.pdf,CPCC et CCCA.pdf,NA,NA
ircc_559,/api/v2013/documents/5D2BC19A-EB4F-554B-4C31-D5A4C53CBAA0/attachments/CPCC%20et%20CCCA.pdf,CPCC et CCCA.pdf,NA,NA
ircc_560,/api/v2013/documents/3CD7F66D-3751-B2C5-4CE5-8D51CE9C9631/attachments/CPCC%20ET%20CCCA.pdf,CPCC ET CCCA.pdf,NA,NA
ircc_561,/api/v2013/documents/4A39D159-70D6-A70A-D43B-9E886904AB1E/attachments/CPCC%20ET%20CCCA.pdf,CPCC ET CCCA.pdf,NA,NA
ircc_562,/api/v2013/documents/85964399-436E-518C-C208-6BA3E441344D/attachments/CPCC%20et%20CCCA.pdf,CPCC et CCCA.pdf,NA,NA
ircc_563,/api/v2013/documents/B01BDDD8-5F0E-9972-301A-9229F78BF8C7/attachments/CPCC-CCCA.pdf,CPCC-CCCA.pdf,NA,NA
ircc_692,/api/v2013/documents/9B6430A1-9CC7-723A-3DA8-068E65A23EB9/attachments/%D0%91%D0%B5%D0%BB%D0%B0%D1%80%D1%83%D1%81%D1%8C-%D0%9F%D0%9E%D0%A1-%D0%93%D0%B5%D0%BD%D0%B1%D0%B0%D0%BD%D0%BA%20%D0%BA%D0%B0%D1%80%D1%82%D0%BE%D1%84%D0%B5%D0%BB%D1%8F%20%D0%A1%D0%A8%D0%90-20%20%D0%BD%D0%BE%D1%8F%202017.pdf,Беларусь-ПОС-Генбанк картофеля США-20 ноя 2017.pdf,NA,NA
ircc_692,/api/v2013/documents/9B6430A1-9CC7-723A-3DA8-068E65A23EB9/attachments/Belarus-PIC-Potato%20GenBank%20USA-2017-November%2020.pdf,Belarus-PIC-Potato GenBank USA-2017-November 20.pdf,NA,NA
ircc_702,/api/v2013/documents/FC739018-DF90-A7E5-C7F6-9C3800848AA0/attachments/PIC%20Alan%20Hesketh%20emitido%20por%20ANCON%20abril%202018.pdf,PIC Alan Hesketh emitido por ANCON abril 2018.pdf,NA,NA
ircc_705,/api/v2013/documents/FD477193-7E35-73CC-25A1-327D1EDD87B9/attachments/Acta%20Notarial%20PIC%20IRCC%20GT%20CAOBA.pdf,Acta Notarial PIC IRCC GT CAOBA.pdf,NA,NA
ircc_705,/api/v2013/documents/FD477193-7E35-73CC-25A1-327D1EDD87B9/attachments/Resoluci%C3%B3n%20Consejo%20IRCC%20GT%20CAOBA.pdf,Resolución Consejo IRCC GT CAOBA.pdf,NA,NA
ircc_705,/api/v2013/documents/FD477193-7E35-73CC-25A1-327D1EDD87B9/attachments/Licencias%20Acceso%20RRGG%20GT%20Caoba.pdf,Licencias Acceso RRGG GT Caoba.pdf,NA,NA
ircc_754,/api/v2013/documents/6D2C621E-25E9-4965-CC60-AA426C033287/attachments/PIC%20WDNA%20en.pdf,PIC WDNA en.pdf,NA,NA
ircc_755,/api/v2013/documents/E5767335-4D8D-1223-794F-F76F6A80A000/attachments/POS%20micoriza%20ru.pdf,POS micoriza ru.pdf,NA,NA
ircc_755,/api/v2013/documents/E5767335-4D8D-1223-794F-F76F6A80A000/attachments/PIC%20root%20samples%20Orchid%C3%A1ceae%20EN.docx,PIC root samples Orchidáceae EN.docx,NA,NA
ircc_758,/api/v2013/documents/B6C5A175-6D2E-BE4F-86C1-D4B8866B0535/attachments/PIC%20Antarctic%20RU.pdf,PIC Antarctic RU.pdf,NA,NA
ircc_758,/api/v2013/documents/B6C5A175-6D2E-BE4F-86C1-D4B8866B0535/attachments/PIC%20Antarctic%20EN.docx,PIC Antarctic EN.docx,NA,NA
ircc_759,/api/v2013/documents/8DC8C8D6-A072-DCE2-645E-623DA3386C03/attachments/PIC%20IFR.pdf,PIC IFR.pdf,NA,NA
ircc_760,/api/v2013/documents/8F3A27A2-0546-A1A0-730E-0564C3A312D7/attachments/POS%20micoriza%202019.pdf,POS micoriza 2019.pdf,NA,NA
ircc_760,/api/v2013/documents/8F3A27A2-0546-A1A0-730E-0564C3A312D7/attachments/PIC%20root%20samples%20Orchid%C3%A1ceae%20EN%202019.docx,PIC root samples Orchidáceae EN 2019.docx,NA,NA
ircc_761,/api/v2013/documents/AD6D12AB-9033-8F03-B7D3-7BA937660426/attachments/PIC-SEPPIC%2007-05-2020.pdf,PIC-SEPPIC 07-05-2020.pdf,NA,NA
ircc_761,/api/v2013/documents/AD6D12AB-9033-8F03-B7D3-7BA937660426/attachments/POS%20SEPPIC%20RU.pdf,POS SEPPIC RU.pdf,NA,NA
ircc_1245,/api/v2013/documents/E91AA1E8-EA82-78F4-DE25-0715CC57DFF4/attachments/611804/Permit%20spring%20soft%20wheat%20RUS.pdf,Permit spring soft wheat RUS.pdf,ru,NA
ircc_1245,/api/v2013/documents/E91AA1E8-EA82-78F4-DE25-0715CC57DFF4/attachments/611805/Permit%20spring%20soft%20wheat%20ENG.pdf,Permit spring soft wheat ENG.pdf,en,NA
ircc_1506,/api/v2013/documents/1EA50D58-B50B-06D2-756F-351902E1568F/attachments/612202/TN%200957%202021%20FAUNA%200645%202021%20Milne%20E%20SIGNED.pdf,TN 0957 2021 FAUNA 0645 2021 Milne E SIGNED.pdf,en,NA
ircc_2270,/api/v2013/documents/3DC4D04C-5933-6FBC-E2B4-8886E251B3E9/attachments/CPCC%200001.pdf,CPCC 0001.pdf,NA,NA
ircc_3967,/api/v2013/documents/5FE22844-5A5B-068D-D846-848E86306169/attachments/PIC%20AW%20ru.pdf,PIC AW ru.pdf,NA,NA
ircc_3968,/api/v2013/documents/AAE13BFF-DEA7-43F9-02A8-8D5F47E46A3A/attachments/PIC%20AW%20ru.pdf,PIC AW ru.pdf,NA,NA
ircc_4048,/api/v2013/documents/D4A97205-AA61-6701-0A7F-D106EE966612/attachments/research%20and%20collecting%20permit%20SKN.pdf,research and collecting permit SKN.pdf,NA,NA
ircc_4126,/api/v2013/documents/5B2AFAFE-A584-4FC6-5FE7-10A9113265FA/attachments/612383/2022.36001.007711.pdf,2022.36001.007711.pdf,es,R DINABISE 16/2022
ircc_4203,/api/v2013/documents/3D018A2A-6ADC-EED1-B95B-C536C8E01C26/attachments/612718/Permit%20spring%20soft%20wheat%20RUS.pdf,Permit spring soft wheat RUS.pdf,ru,NA
ircc_4203,/api/v2013/documents/3D018A2A-6ADC-EED1-B95B-C536C8E01C26/attachments/612720/Permit%20spring%20soft%20wheat%20ENG.PDF,Permit spring soft wheat ENG.PDF,en,NA
